age(original ref);Age (GTS2004);1s;d34SSSS;Reference;;
65,5;65,78;0,33;15,4;Kampschulte, A. & Strauss, H., 2004. The sulfur isotopic evolution of Phanerozoic seawater based on the analysis of structurally substituted sulfate in carbonates. Chemical Geology 204, 255-286.;;
79,4;78,34;0,40;18,8;Kampschulte, A. & Strauss, H., 2004. The sulfur isotopic evolution of Phanerozoic seawater based on the analysis of structurally substituted sulfate in carbonates. Chemical Geology 204, 255-286.;;
80,75;80,28;0,40;18,5;Kampschulte, A. & Strauss, H., 2004. The sulfur isotopic evolution of Phanerozoic seawater based on the analysis of structurally substituted sulfate in carbonates. Chemical Geology 204, 255-286.;;
81,65;81,57;0,41;17,4;Kampschulte, A. & Strauss, H., 2004. The sulfur isotopic evolution of Phanerozoic seawater based on the analysis of structurally substituted sulfate in carbonates. Chemical Geology 204, 255-286.;;
82,1;82,21;0,41;18,2;Kampschulte, A. & Strauss, H., 2004. The sulfur isotopic evolution of Phanerozoic seawater based on the analysis of structurally substituted sulfate in carbonates. Chemical Geology 204, 255-286.;;
83,36;83,73;0,42;18,5;Kampschulte, A. & Strauss, H., 2004. The sulfur isotopic evolution of Phanerozoic seawater based on the analysis of structurally substituted sulfate in carbonates. Chemical Geology 204, 255-286.;;
85,16;84,88;0,43;17,1;Kampschulte, A. & Strauss, H., 2004. The sulfur isotopic evolution of Phanerozoic seawater based on the analysis of structurally substituted sulfate in carbonates. Chemical Geology 204, 255-286.;;
85,16;84,88;0,43;16,7;Kampschulte, A. & Strauss, H., 2004. The sulfur isotopic evolution of Phanerozoic seawater based on the analysis of structurally substituted sulfate in carbonates. Chemical Geology 204, 255-286.;;
104,5;105,80;0,52;14,9;Kampschulte, A. & Strauss, H., 2004. The sulfur isotopic evolution of Phanerozoic seawater based on the analysis of structurally substituted sulfate in carbonates. Chemical Geology 204, 255-286.;;
106;107,04;0,53;14,1;Kampschulte, A. & Strauss, H., 2004. The sulfur isotopic evolution of Phanerozoic seawater based on the analysis of structurally substituted sulfate in carbonates. Chemical Geology 204, 255-286.;;
115,75;115,90;0,58;14,4;Kampschulte, A. & Strauss, H., 2004. The sulfur isotopic evolution of Phanerozoic seawater based on the analysis of structurally substituted sulfate in carbonates. Chemical Geology 204, 255-286.;;
119,5;119,80;0,60;14,3;Kampschulte, A. & Strauss, H., 2004. The sulfur isotopic evolution of Phanerozoic seawater based on the analysis of structurally substituted sulfate in carbonates. Chemical Geology 204, 255-286.;;
121,38;121,76;0,61;18,3;Kampschulte, A. & Strauss, H., 2004. The sulfur isotopic evolution of Phanerozoic seawater based on the analysis of structurally substituted sulfate in carbonates. Chemical Geology 204, 255-286.;;
125,23;125,50;0,63;15,3;Kampschulte, A. & Strauss, H., 2004. The sulfur isotopic evolution of Phanerozoic seawater based on the analysis of structurally substituted sulfate in carbonates. Chemical Geology 204, 255-286.;;
129,61;128,50;0,65;15,3;Kampschulte, A. & Strauss, H., 2004. The sulfur isotopic evolution of Phanerozoic seawater based on the analysis of structurally substituted sulfate in carbonates. Chemical Geology 204, 255-286.;;
131,96;130,32;0,66;16,9;Kampschulte, A. & Strauss, H., 2004. The sulfur isotopic evolution of Phanerozoic seawater based on the analysis of structurally substituted sulfate in carbonates. Chemical Geology 204, 255-286.;;
131,96;130,32;0,66;15,7;Kampschulte, A. & Strauss, H., 2004. The sulfur isotopic evolution of Phanerozoic seawater based on the analysis of structurally substituted sulfate in carbonates. Chemical Geology 204, 255-286.;;
132,12;130,64;0,66;17,2;Kampschulte, A. & Strauss, H., 2004. The sulfur isotopic evolution of Phanerozoic seawater based on the analysis of structurally substituted sulfate in carbonates. Chemical Geology 204, 255-286.;;
132,12;130,64;0,66;16;Kampschulte, A. & Strauss, H., 2004. The sulfur isotopic evolution of Phanerozoic seawater based on the analysis of structurally substituted sulfate in carbonates. Chemical Geology 204, 255-286.;;
132,6;131,60;0,66;17,8;Kampschulte, A. & Strauss, H., 2004. The sulfur isotopic evolution of Phanerozoic seawater based on the analysis of structurally substituted sulfate in carbonates. Chemical Geology 204, 255-286.;;
133,4;133,20;0,67;15,2;Kampschulte, A. & Strauss, H., 2004. The sulfur isotopic evolution of Phanerozoic seawater based on the analysis of structurally substituted sulfate in carbonates. Chemical Geology 204, 255-286.;;
133,4;133,20;0,67;15,6;Kampschulte, A. & Strauss, H., 2004. The sulfur isotopic evolution of Phanerozoic seawater based on the analysis of structurally substituted sulfate in carbonates. Chemical Geology 204, 255-286.;;
133,4;133,20;0,67;15,3;Kampschulte, A. & Strauss, H., 2004. The sulfur isotopic evolution of Phanerozoic seawater based on the analysis of structurally substituted sulfate in carbonates. Chemical Geology 204, 255-286.;;
134,68;135,76;0,67;18,4;Kampschulte, A. & Strauss, H., 2004. The sulfur isotopic evolution of Phanerozoic seawater based on the analysis of structurally substituted sulfate in carbonates. Chemical Geology 204, 255-286.;;
134,68;135,76;0,67;16,5;Kampschulte, A. & Strauss, H., 2004. The sulfur isotopic evolution of Phanerozoic seawater based on the analysis of structurally substituted sulfate in carbonates. Chemical Geology 204, 255-286.;;
137,85;138,11;0,69;16,3;Kampschulte, A. & Strauss, H., 2004. The sulfur isotopic evolution of Phanerozoic seawater based on the analysis of structurally substituted sulfate in carbonates. Chemical Geology 204, 255-286.;;
137,85;138,11;0,69;16,2;Kampschulte, A. & Strauss, H., 2004. The sulfur isotopic evolution of Phanerozoic seawater based on the analysis of structurally substituted sulfate in carbonates. Chemical Geology 204, 255-286.;;
138,71;138,63;0,69;24,9;Kampschulte, A. & Strauss, H., 2004. The sulfur isotopic evolution of Phanerozoic seawater based on the analysis of structurally substituted sulfate in carbonates. Chemical Geology 204, 255-286.;;
138,71;138,63;0,69;14,8;Kampschulte, A. & Strauss, H., 2004. The sulfur isotopic evolution of Phanerozoic seawater based on the analysis of structurally substituted sulfate in carbonates. Chemical Geology 204, 255-286.;;
138,71;138,63;0,69;21,7;Kampschulte, A. & Strauss, H., 2004. The sulfur isotopic evolution of Phanerozoic seawater based on the analysis of structurally substituted sulfate in carbonates. Chemical Geology 204, 255-286.;;
140,24;139,54;0,70;13,5;Kampschulte, A. & Strauss, H., 2004. The sulfur isotopic evolution of Phanerozoic seawater based on the analysis of structurally substituted sulfate in carbonates. Chemical Geology 204, 255-286.;;
141,93;141,22;0,71;13;Kampschulte, A. & Strauss, H., 2004. The sulfur isotopic evolution of Phanerozoic seawater based on the analysis of structurally substituted sulfate in carbonates. Chemical Geology 204, 255-286.;;
153,92;154,23;0,77;16;Kampschulte, A. & Strauss, H., 2004. The sulfur isotopic evolution of Phanerozoic seawater based on the analysis of structurally substituted sulfate in carbonates. Chemical Geology 204, 255-286.;;
156,5;159,83;0,78;15,4;Kampschulte, A. & Strauss, H., 2004. The sulfur isotopic evolution of Phanerozoic seawater based on the analysis of structurally substituted sulfate in carbonates. Chemical Geology 204, 255-286.;;
158,15;162,08;0,79;16,1;Kampschulte, A. & Strauss, H., 2004. The sulfur isotopic evolution of Phanerozoic seawater based on the analysis of structurally substituted sulfate in carbonates. Chemical Geology 204, 255-286.;;
159,2;162,95;0,80;16;Kampschulte, A. & Strauss, H., 2004. The sulfur isotopic evolution of Phanerozoic seawater based on the analysis of structurally substituted sulfate in carbonates. Chemical Geology 204, 255-286.;;
159,2;162,95;0,80;16,5;Kampschulte, A. & Strauss, H., 2004. The sulfur isotopic evolution of Phanerozoic seawater based on the analysis of structurally substituted sulfate in carbonates. Chemical Geology 204, 255-286.;;
160,46;164,00;0,80;15,7;Kampschulte, A. & Strauss, H., 2004. The sulfur isotopic evolution of Phanerozoic seawater based on the analysis of structurally substituted sulfate in carbonates. Chemical Geology 204, 255-286.;;
162,26;165,30;0,81;17,4;Kampschulte, A. & Strauss, H., 2004. The sulfur isotopic evolution of Phanerozoic seawater based on the analysis of structurally substituted sulfate in carbonates. Chemical Geology 204, 255-286.;;
164,9;166,95;0,82;20,7;Kampschulte, A. & Strauss, H., 2004. The sulfur isotopic evolution of Phanerozoic seawater based on the analysis of structurally substituted sulfate in carbonates. Chemical Geology 204, 255-286.;;
167,95;168,83;0,84;18,2;Kampschulte, A. & Strauss, H., 2004. The sulfur isotopic evolution of Phanerozoic seawater based on the analysis of structurally substituted sulfate in carbonates. Chemical Geology 204, 255-286.;;
169,8;169,96;0,85;15,1;Kampschulte, A. & Strauss, H., 2004. The sulfur isotopic evolution of Phanerozoic seawater based on the analysis of structurally substituted sulfate in carbonates. Chemical Geology 204, 255-286.;;
171,65;171,08;0,86;18;Kampschulte, A. & Strauss, H., 2004. The sulfur isotopic evolution of Phanerozoic seawater based on the analysis of structurally substituted sulfate in carbonates. Chemical Geology 204, 255-286.;;
177,33;175,46;0,89;17,9;Kampschulte, A. & Strauss, H., 2004. The sulfur isotopic evolution of Phanerozoic seawater based on the analysis of structurally substituted sulfate in carbonates. Chemical Geology 204, 255-286.;;
182,95;179,85;0,91;23,4;Kampschulte, A. & Strauss, H., 2004. The sulfur isotopic evolution of Phanerozoic seawater based on the analysis of structurally substituted sulfate in carbonates. Chemical Geology 204, 255-286.;;
184,3;180,90;0,92;21,6;Kampschulte, A. & Strauss, H., 2004. The sulfur isotopic evolution of Phanerozoic seawater based on the analysis of structurally substituted sulfate in carbonates. Chemical Geology 204, 255-286.;;
186,1;182,30;0,93;17,2;Kampschulte, A. & Strauss, H., 2004. The sulfur isotopic evolution of Phanerozoic seawater based on the analysis of structurally substituted sulfate in carbonates. Chemical Geology 204, 255-286.;;
187,75;183,66;0,94;17,3;Kampschulte, A. & Strauss, H., 2004. The sulfur isotopic evolution of Phanerozoic seawater based on the analysis of structurally substituted sulfate in carbonates. Chemical Geology 204, 255-286.;;
190,75;186,30;0,95;14,3;Kampschulte, A. & Strauss, H., 2004. The sulfur isotopic evolution of Phanerozoic seawater based on the analysis of structurally substituted sulfate in carbonates. Chemical Geology 204, 255-286.;;
195,4;190,29;0,98;15,7;Kampschulte, A. & Strauss, H., 2004. The sulfur isotopic evolution of Phanerozoic seawater based on the analysis of structurally substituted sulfate in carbonates. Chemical Geology 204, 255-286.;;
196,3;190,98;0,98;14,2;Kampschulte, A. & Strauss, H., 2004. The sulfur isotopic evolution of Phanerozoic seawater based on the analysis of structurally substituted sulfate in carbonates. Chemical Geology 204, 255-286.;;
208,13;199,95;1,04;24,3;Kampschulte, A. & Strauss, H., 2004. The sulfur isotopic evolution of Phanerozoic seawater based on the analysis of structurally substituted sulfate in carbonates. Chemical Geology 204, 255-286.;;
208,59;201,17;1,04;11,1;Kampschulte, A. & Strauss, H., 2004. The sulfur isotopic evolution of Phanerozoic seawater based on the analysis of structurally substituted sulfate in carbonates. Chemical Geology 204, 255-286.;;
210,52;204,55;1,05;18,2;Kampschulte, A. & Strauss, H., 2004. The sulfur isotopic evolution of Phanerozoic seawater based on the analysis of structurally substituted sulfate in carbonates. Chemical Geology 204, 255-286.;;
211,78;205,72;1,06;17,8;Kampschulte, A. & Strauss, H., 2004. The sulfur isotopic evolution of Phanerozoic seawater based on the analysis of structurally substituted sulfate in carbonates. Chemical Geology 204, 255-286.;;
213,29;207,12;1,07;18,8;Kampschulte, A. & Strauss, H., 2004. The sulfur isotopic evolution of Phanerozoic seawater based on the analysis of structurally substituted sulfate in carbonates. Chemical Geology 204, 255-286.;;
214,68;208,41;1,07;17,2;Kampschulte, A. & Strauss, H., 2004. The sulfur isotopic evolution of Phanerozoic seawater based on the analysis of structurally substituted sulfate in carbonates. Chemical Geology 204, 255-286.;;
218,75;212,19;1,09;18,9;Kampschulte, A. & Strauss, H., 2004. The sulfur isotopic evolution of Phanerozoic seawater based on the analysis of structurally substituted sulfate in carbonates. Chemical Geology 204, 255-286.;;
220,28;213,60;1,10;19;Kampschulte, A. & Strauss, H., 2004. The sulfur isotopic evolution of Phanerozoic seawater based on the analysis of structurally substituted sulfate in carbonates. Chemical Geology 204, 255-286.;;
223,4;216,50;1,12;18,6;Kampschulte, A. & Strauss, H., 2004. The sulfur isotopic evolution of Phanerozoic seawater based on the analysis of structurally substituted sulfate in carbonates. Chemical Geology 204, 255-286.;;
224,17;217,26;1,12;18,5;Kampschulte, A. & Strauss, H., 2004. The sulfur isotopic evolution of Phanerozoic seawater based on the analysis of structurally substituted sulfate in carbonates. Chemical Geology 204, 255-286.;;
224,74;217,83;1,12;19,7;Kampschulte, A. & Strauss, H., 2004. The sulfur isotopic evolution of Phanerozoic seawater based on the analysis of structurally substituted sulfate in carbonates. Chemical Geology 204, 255-286.;;
234,72;227,72;1,17;17,9;Kampschulte, A. & Strauss, H., 2004. The sulfur isotopic evolution of Phanerozoic seawater based on the analysis of structurally substituted sulfate in carbonates. Chemical Geology 204, 255-286.;;
236,23;230,46;1,18;17,3;Kampschulte, A. & Strauss, H., 2004. The sulfur isotopic evolution of Phanerozoic seawater based on the analysis of structurally substituted sulfate in carbonates. Chemical Geology 204, 255-286.;;
237,76;233,52;1,19;19,2;Kampschulte, A. & Strauss, H., 2004. The sulfur isotopic evolution of Phanerozoic seawater based on the analysis of structurally substituted sulfate in carbonates. Chemical Geology 204, 255-286.;;
239,01;236,02;1,20;26;Kampschulte, A. & Strauss, H., 2004. The sulfur isotopic evolution of Phanerozoic seawater based on the analysis of structurally substituted sulfate in carbonates. Chemical Geology 204, 255-286.;;
239,56;237,30;1,20;21,2;Kampschulte, A. & Strauss, H., 2004. The sulfur isotopic evolution of Phanerozoic seawater based on the analysis of structurally substituted sulfate in carbonates. Chemical Geology 204, 255-286.;;
240;239,50;1,20;20;Kampschulte, A. & Strauss, H., 2004. The sulfur isotopic evolution of Phanerozoic seawater based on the analysis of structurally substituted sulfate in carbonates. Chemical Geology 204, 255-286.;;
240,14;240,20;1,20;29,7;Kampschulte, A. & Strauss, H., 2004. The sulfur isotopic evolution of Phanerozoic seawater based on the analysis of structurally substituted sulfate in carbonates. Chemical Geology 204, 255-286.;;
240,32;241,10;1,20;18,3;Kampschulte, A. & Strauss, H., 2004. The sulfur isotopic evolution of Phanerozoic seawater based on the analysis of structurally substituted sulfate in carbonates. Chemical Geology 204, 255-286.;;
241,2;245,25;1,21;26,3;Kampschulte, A. & Strauss, H., 2004. The sulfur isotopic evolution of Phanerozoic seawater based on the analysis of structurally substituted sulfate in carbonates. Chemical Geology 204, 255-286.;;
241,38;245,71;1,21;26,4;Kampschulte, A. & Strauss, H., 2004. The sulfur isotopic evolution of Phanerozoic seawater based on the analysis of structurally substituted sulfate in carbonates. Chemical Geology 204, 255-286.;;
243,75;250,20;1,22;13,1;Kampschulte, A. & Strauss, H., 2004. The sulfur isotopic evolution of Phanerozoic seawater based on the analysis of structurally substituted sulfate in carbonates. Chemical Geology 204, 255-286.;;
244,39;250,61;1,22;15,8;Kampschulte, A. & Strauss, H., 2004. The sulfur isotopic evolution of Phanerozoic seawater based on the analysis of structurally substituted sulfate in carbonates. Chemical Geology 204, 255-286.;;
244,79;250,87;1,22;16,7;Kampschulte, A. & Strauss, H., 2004. The sulfur isotopic evolution of Phanerozoic seawater based on the analysis of structurally substituted sulfate in carbonates. Chemical Geology 204, 255-286.;;
244,93;250,96;1,22;24,5;Kampschulte, A. & Strauss, H., 2004. The sulfur isotopic evolution of Phanerozoic seawater based on the analysis of structurally substituted sulfate in carbonates. Chemical Geology 204, 255-286.;;
252;263,61;1,26;11;Kampschulte, A. & Strauss, H., 2004. The sulfur isotopic evolution of Phanerozoic seawater based on the analysis of structurally substituted sulfate in carbonates. Chemical Geology 204, 255-286.;;
253,75;266,77;1,27;13,1;Kampschulte, A. & Strauss, H., 2004. The sulfur isotopic evolution of Phanerozoic seawater based on the analysis of structurally substituted sulfate in carbonates. Chemical Geology 204, 255-286.;;
253,75;266,77;1,27;11,8;Kampschulte, A. & Strauss, H., 2004. The sulfur isotopic evolution of Phanerozoic seawater based on the analysis of structurally substituted sulfate in carbonates. Chemical Geology 204, 255-286.;;
253,75;266,77;1,27;21,7;Kampschulte, A. & Strauss, H., 2004. The sulfur isotopic evolution of Phanerozoic seawater based on the analysis of structurally substituted sulfate in carbonates. Chemical Geology 204, 255-286.;;
253,75;266,77;1,27;13;Kampschulte, A. & Strauss, H., 2004. The sulfur isotopic evolution of Phanerozoic seawater based on the analysis of structurally substituted sulfate in carbonates. Chemical Geology 204, 255-286.;;
253,75;266,77;1,27;10,9;Kampschulte, A. & Strauss, H., 2004. The sulfur isotopic evolution of Phanerozoic seawater based on the analysis of structurally substituted sulfate in carbonates. Chemical Geology 204, 255-286.;;
256,05;270,91;1,28;13,5;Kampschulte, A. & Strauss, H., 2004. The sulfur isotopic evolution of Phanerozoic seawater based on the analysis of structurally substituted sulfate in carbonates. Chemical Geology 204, 255-286.;;
258,8;274,75;1,29;15,3;Kampschulte, A. & Strauss, H., 2004. The sulfur isotopic evolution of Phanerozoic seawater based on the analysis of structurally substituted sulfate in carbonates. Chemical Geology 204, 255-286.;;
261,98;278,00;1,31;12,9;Kampschulte, A. & Strauss, H., 2004. The sulfur isotopic evolution of Phanerozoic seawater based on the analysis of structurally substituted sulfate in carbonates. Chemical Geology 204, 255-286.;;
264,25;280,00;1,32;12,8;Kampschulte, A. & Strauss, H., 2004. The sulfur isotopic evolution of Phanerozoic seawater based on the analysis of structurally substituted sulfate in carbonates. Chemical Geology 204, 255-286.;;
264,25;280,00;1,32;11,3;Kampschulte, A. & Strauss, H., 2004. The sulfur isotopic evolution of Phanerozoic seawater based on the analysis of structurally substituted sulfate in carbonates. Chemical Geology 204, 255-286.;;
264,25;280,00;1,32;11,5;Kampschulte, A. & Strauss, H., 2004. The sulfur isotopic evolution of Phanerozoic seawater based on the analysis of structurally substituted sulfate in carbonates. Chemical Geology 204, 255-286.;;
266,53;282,00;1,33;14,3;Kampschulte, A. & Strauss, H., 2004. The sulfur isotopic evolution of Phanerozoic seawater based on the analysis of structurally substituted sulfate in carbonates. Chemical Geology 204, 255-286.;;
266,53;282,00;1,33;12,7;Kampschulte, A. & Strauss, H., 2004. The sulfur isotopic evolution of Phanerozoic seawater based on the analysis of structurally substituted sulfate in carbonates. Chemical Geology 204, 255-286.;;
284,3;296,32;1,42;12,6;Kampschulte, A. & Strauss, H., 2004. The sulfur isotopic evolution of Phanerozoic seawater based on the analysis of structurally substituted sulfate in carbonates. Chemical Geology 204, 255-286.;;
290;299,00;1,45;12,6;Kampschulte, A. & Strauss, H., 2004. The sulfur isotopic evolution of Phanerozoic seawater based on the analysis of structurally substituted sulfate in carbonates. Chemical Geology 204, 255-286.;;
290;299,00;1,45;12,4;Kampschulte, A. & Strauss, H., 2004. The sulfur isotopic evolution of Phanerozoic seawater based on the analysis of structurally substituted sulfate in carbonates. Chemical Geology 204, 255-286.;;
295,02;303,92;1,48;11,9;Kampschulte, A. & Strauss, H., 2004. The sulfur isotopic evolution of Phanerozoic seawater based on the analysis of structurally substituted sulfate in carbonates. Chemical Geology 204, 255-286.;;
296,7;304,61;1,48;11,2;Kampschulte, A. & Strauss, H., 2004. The sulfur isotopic evolution of Phanerozoic seawater based on the analysis of structurally substituted sulfate in carbonates. Chemical Geology 204, 255-286.;;
304,35;307,81;1,52;13,2;Kampschulte, A. & Strauss, H., 2004. The sulfur isotopic evolution of Phanerozoic seawater based on the analysis of structurally substituted sulfate in carbonates. Chemical Geology 204, 255-286.;;
305,67;308,61;1,53;13,9;Kampschulte, A. & Strauss, H., 2004. The sulfur isotopic evolution of Phanerozoic seawater based on the analysis of structurally substituted sulfate in carbonates. Chemical Geology 204, 255-286.;;
308,75;310,46;1,54;13;Kampschulte, A. & Strauss, H., 2004. The sulfur isotopic evolution of Phanerozoic seawater based on the analysis of structurally substituted sulfate in carbonates. Chemical Geology 204, 255-286.;;
309,2;310,74;1,55;13,2;Kampschulte, A. & Strauss, H., 2004. The sulfur isotopic evolution of Phanerozoic seawater based on the analysis of structurally substituted sulfate in carbonates. Chemical Geology 204, 255-286.;;
310,96;311,80;1,55;15,3;Kampschulte, A. & Strauss, H., 2004. The sulfur isotopic evolution of Phanerozoic seawater based on the analysis of structurally substituted sulfate in carbonates. Chemical Geology 204, 255-286.;;
313,71;313,26;1,57;15;Kampschulte, A. & Strauss, H., 2004. The sulfur isotopic evolution of Phanerozoic seawater based on the analysis of structurally substituted sulfate in carbonates. Chemical Geology 204, 255-286.;;
316,48;314,70;1,58;14,6;Kampschulte, A. & Strauss, H., 2004. The sulfur isotopic evolution of Phanerozoic seawater based on the analysis of structurally substituted sulfate in carbonates. Chemical Geology 204, 255-286.;;
318,71;315,87;1,59;15;Kampschulte, A. & Strauss, H., 2004. The sulfur isotopic evolution of Phanerozoic seawater based on the analysis of structurally substituted sulfate in carbonates. Chemical Geology 204, 255-286.;;
319;316,02;1,60;16,7;Kampschulte, A. & Strauss, H., 2004. The sulfur isotopic evolution of Phanerozoic seawater based on the analysis of structurally substituted sulfate in carbonates. Chemical Geology 204, 255-286.;;
320,61;316,86;1,60;15,7;Kampschulte, A. & Strauss, H., 2004. The sulfur isotopic evolution of Phanerozoic seawater based on the analysis of structurally substituted sulfate in carbonates. Chemical Geology 204, 255-286.;;
321,94;317,55;1,61;16,6;Kampschulte, A. & Strauss, H., 2004. The sulfur isotopic evolution of Phanerozoic seawater based on the analysis of structurally substituted sulfate in carbonates. Chemical Geology 204, 255-286.;;
323,2;318,32;1,62;15,1;Kampschulte, A. & Strauss, H., 2004. The sulfur isotopic evolution of Phanerozoic seawater based on the analysis of structurally substituted sulfate in carbonates. Chemical Geology 204, 255-286.;;
324,91;319,67;1,62;13,8;Kampschulte, A. & Strauss, H., 2004. The sulfur isotopic evolution of Phanerozoic seawater based on the analysis of structurally substituted sulfate in carbonates. Chemical Geology 204, 255-286.;;
325,52;320,15;1,63;14,7;Kampschulte, A. & Strauss, H., 2004. The sulfur isotopic evolution of Phanerozoic seawater based on the analysis of structurally substituted sulfate in carbonates. Chemical Geology 204, 255-286.;;
327,5;321,72;1,64;15,9;Kampschulte, A. & Strauss, H., 2004. The sulfur isotopic evolution of Phanerozoic seawater based on the analysis of structurally substituted sulfate in carbonates. Chemical Geology 204, 255-286.;;
328,25;322,32;1,64;15;Kampschulte, A. & Strauss, H., 2004. The sulfur isotopic evolution of Phanerozoic seawater based on the analysis of structurally substituted sulfate in carbonates. Chemical Geology 204, 255-286.;;
331,1;324,57;1,66;15,2;Kampschulte, A. & Strauss, H., 2004. The sulfur isotopic evolution of Phanerozoic seawater based on the analysis of structurally substituted sulfate in carbonates. Chemical Geology 204, 255-286.;;
332,5;325,68;1,66;12,9;Kampschulte, A. & Strauss, H., 2004. The sulfur isotopic evolution of Phanerozoic seawater based on the analysis of structurally substituted sulfate in carbonates. Chemical Geology 204, 255-286.;;
332,7;325,84;1,66;14,1;Kampschulte, A. & Strauss, H., 2004. The sulfur isotopic evolution of Phanerozoic seawater based on the analysis of structurally substituted sulfate in carbonates. Chemical Geology 204, 255-286.;;
333,88;327,12;1,67;14,9;Kampschulte, A. & Strauss, H., 2004. The sulfur isotopic evolution of Phanerozoic seawater based on the analysis of structurally substituted sulfate in carbonates. Chemical Geology 204, 255-286.;;
335,4;328,86;1,68;14,4;Kampschulte, A. & Strauss, H., 2004. The sulfur isotopic evolution of Phanerozoic seawater based on the analysis of structurally substituted sulfate in carbonates. Chemical Geology 204, 255-286.;;
335,5;328,98;1,68;13,1;Kampschulte, A. & Strauss, H., 2004. The sulfur isotopic evolution of Phanerozoic seawater based on the analysis of structurally substituted sulfate in carbonates. Chemical Geology 204, 255-286.;;
336,15;329,72;1,68;13,7;Kampschulte, A. & Strauss, H., 2004. The sulfur isotopic evolution of Phanerozoic seawater based on the analysis of structurally substituted sulfate in carbonates. Chemical Geology 204, 255-286.;;
339,4;333,44;1,70;13,6;Kampschulte, A. & Strauss, H., 2004. The sulfur isotopic evolution of Phanerozoic seawater based on the analysis of structurally substituted sulfate in carbonates. Chemical Geology 204, 255-286.;;
339,4;333,44;1,70;14,4;Kampschulte, A. & Strauss, H., 2004. The sulfur isotopic evolution of Phanerozoic seawater based on the analysis of structurally substituted sulfate in carbonates. Chemical Geology 204, 255-286.;;
339,4;333,44;1,70;14,9;Kampschulte, A. & Strauss, H., 2004. The sulfur isotopic evolution of Phanerozoic seawater based on the analysis of structurally substituted sulfate in carbonates. Chemical Geology 204, 255-286.;;
342,8;337,33;1,71;14,2;Kampschulte, A. & Strauss, H., 2004. The sulfur isotopic evolution of Phanerozoic seawater based on the analysis of structurally substituted sulfate in carbonates. Chemical Geology 204, 255-286.;;
344,37;339,13;1,72;16;Kampschulte, A. & Strauss, H., 2004. The sulfur isotopic evolution of Phanerozoic seawater based on the analysis of structurally substituted sulfate in carbonates. Chemical Geology 204, 255-286.;;
345;339,85;1,73;21;Kampschulte, A. & Strauss, H., 2004. The sulfur isotopic evolution of Phanerozoic seawater based on the analysis of structurally substituted sulfate in carbonates. Chemical Geology 204, 255-286.;;
349,2;344,66;1,75;17,6;Kampschulte, A. & Strauss, H., 2004. The sulfur isotopic evolution of Phanerozoic seawater based on the analysis of structurally substituted sulfate in carbonates. Chemical Geology 204, 255-286.;;
350,81;346,41;1,75;17,7;Kampschulte, A. & Strauss, H., 2004. The sulfur isotopic evolution of Phanerozoic seawater based on the analysis of structurally substituted sulfate in carbonates. Chemical Geology 204, 255-286.;;
354,89;350,80;1,77;21,3;Kampschulte, A. & Strauss, H., 2004. The sulfur isotopic evolution of Phanerozoic seawater based on the analysis of structurally substituted sulfate in carbonates. Chemical Geology 204, 255-286.;;
360,85;357,22;1,80;19,7;Kampschulte, A. & Strauss, H., 2004. The sulfur isotopic evolution of Phanerozoic seawater based on the analysis of structurally substituted sulfate in carbonates. Chemical Geology 204, 255-286.;;
368,3;376,25;1,84;22,2;Kampschulte, A. & Strauss, H., 2004. The sulfur isotopic evolution of Phanerozoic seawater based on the analysis of structurally substituted sulfate in carbonates. Chemical Geology 204, 255-286.;;
368,3;376,25;1,84;22,9;Kampschulte, A. & Strauss, H., 2004. The sulfur isotopic evolution of Phanerozoic seawater based on the analysis of structurally substituted sulfate in carbonates. Chemical Geology 204, 255-286.;;
368,3;376,25;1,84;25,3;Kampschulte, A. & Strauss, H., 2004. The sulfur isotopic evolution of Phanerozoic seawater based on the analysis of structurally substituted sulfate in carbonates. Chemical Geology 204, 255-286.;;
368,3;376,25;1,84;22,8;Kampschulte, A. & Strauss, H., 2004. The sulfur isotopic evolution of Phanerozoic seawater based on the analysis of structurally substituted sulfate in carbonates. Chemical Geology 204, 255-286.;;
373,5;381,25;1,87;26,9;Kampschulte, A. & Strauss, H., 2004. The sulfur isotopic evolution of Phanerozoic seawater based on the analysis of structurally substituted sulfate in carbonates. Chemical Geology 204, 255-286.;;
378,7;387,68;1,89;23,6;Kampschulte, A. & Strauss, H., 2004. The sulfur isotopic evolution of Phanerozoic seawater based on the analysis of structurally substituted sulfate in carbonates. Chemical Geology 204, 255-286.;;
380,1;390,56;1,90;22,6;Kampschulte, A. & Strauss, H., 2004. The sulfur isotopic evolution of Phanerozoic seawater based on the analysis of structurally substituted sulfate in carbonates. Chemical Geology 204, 255-286.;;
381,6;392,92;1,91;16,4;Kampschulte, A. & Strauss, H., 2004. The sulfur isotopic evolution of Phanerozoic seawater based on the analysis of structurally substituted sulfate in carbonates. Chemical Geology 204, 255-286.;;
385,8;397,77;1,93;17,2;Kampschulte, A. & Strauss, H., 2004. The sulfur isotopic evolution of Phanerozoic seawater based on the analysis of structurally substituted sulfate in carbonates. Chemical Geology 204, 255-286.;;
386,04;398,08;1,93;16,2;Kampschulte, A. & Strauss, H., 2004. The sulfur isotopic evolution of Phanerozoic seawater based on the analysis of structurally substituted sulfate in carbonates. Chemical Geology 204, 255-286.;;
387,37;400,80;1,94;16,2;Kampschulte, A. & Strauss, H., 2004. The sulfur isotopic evolution of Phanerozoic seawater based on the analysis of structurally substituted sulfate in carbonates. Chemical Geology 204, 255-286.;;
388,49;403,09;1,94;12,3;Kampschulte, A. & Strauss, H., 2004. The sulfur isotopic evolution of Phanerozoic seawater based on the analysis of structurally substituted sulfate in carbonates. Chemical Geology 204, 255-286.;;
390,35;406,90;1,95;23,1;Kampschulte, A. & Strauss, H., 2004. The sulfur isotopic evolution of Phanerozoic seawater based on the analysis of structurally substituted sulfate in carbonates. Chemical Geology 204, 255-286.;;
403,66;414,02;2,02;24,5;Kampschulte, A. & Strauss, H., 2004. The sulfur isotopic evolution of Phanerozoic seawater based on the analysis of structurally substituted sulfate in carbonates. Chemical Geology 204, 255-286.;;
403,85;414,09;2,02;20,1;Kampschulte, A. & Strauss, H., 2004. The sulfur isotopic evolution of Phanerozoic seawater based on the analysis of structurally substituted sulfate in carbonates. Chemical Geology 204, 255-286.;;
406,3;415,10;2,03;28,4;Kampschulte, A. & Strauss, H., 2004. The sulfur isotopic evolution of Phanerozoic seawater based on the analysis of structurally substituted sulfate in carbonates. Chemical Geology 204, 255-286.;;
408,87;416,50;2,04;21,8;Kampschulte, A. & Strauss, H., 2004. The sulfur isotopic evolution of Phanerozoic seawater based on the analysis of structurally substituted sulfate in carbonates. Chemical Geology 204, 255-286.;;
408,87;416,50;2,04;23,1;Kampschulte, A. & Strauss, H., 2004. The sulfur isotopic evolution of Phanerozoic seawater based on the analysis of structurally substituted sulfate in carbonates. Chemical Geology 204, 255-286.;;
409;416,68;2,05;24,2;Kampschulte, A. & Strauss, H., 2004. The sulfur isotopic evolution of Phanerozoic seawater based on the analysis of structurally substituted sulfate in carbonates. Chemical Geology 204, 255-286.;;
409,61;417,51;2,05;28,1;Kampschulte, A. & Strauss, H., 2004. The sulfur isotopic evolution of Phanerozoic seawater based on the analysis of structurally substituted sulfate in carbonates. Chemical Geology 204, 255-286.;;
410,34;418,51;2,05;29,4;Kampschulte, A. & Strauss, H., 2004. The sulfur isotopic evolution of Phanerozoic seawater based on the analysis of structurally substituted sulfate in carbonates. Chemical Geology 204, 255-286.;;
412,7;419,60;2,06;26,5;Kampschulte, A. & Strauss, H., 2004. The sulfur isotopic evolution of Phanerozoic seawater based on the analysis of structurally substituted sulfate in carbonates. Chemical Geology 204, 255-286.;;
414,37;420,10;2,07;24,2;Kampschulte, A. & Strauss, H., 2004. The sulfur isotopic evolution of Phanerozoic seawater based on the analysis of structurally substituted sulfate in carbonates. Chemical Geology 204, 255-286.;;
414,37;420,10;2,07;30,7;Kampschulte, A. & Strauss, H., 2004. The sulfur isotopic evolution of Phanerozoic seawater based on the analysis of structurally substituted sulfate in carbonates. Chemical Geology 204, 255-286.;;
421,78;422,33;2,11;25,7;Kampschulte, A. & Strauss, H., 2004. The sulfur isotopic evolution of Phanerozoic seawater based on the analysis of structurally substituted sulfate in carbonates. Chemical Geology 204, 255-286.;;
424,35;423,27;2,12;25,7;Kampschulte, A. & Strauss, H., 2004. The sulfur isotopic evolution of Phanerozoic seawater based on the analysis of structurally substituted sulfate in carbonates. Chemical Geology 204, 255-286.;;
424,35;423,27;2,12;33,7;Kampschulte, A. & Strauss, H., 2004. The sulfur isotopic evolution of Phanerozoic seawater based on the analysis of structurally substituted sulfate in carbonates. Chemical Geology 204, 255-286.;;
424,4;423,31;2,12;24,8;Kampschulte, A. & Strauss, H., 2004. The sulfur isotopic evolution of Phanerozoic seawater based on the analysis of structurally substituted sulfate in carbonates. Chemical Geology 204, 255-286.;;
425,05;423,82;2,13;24,6;Kampschulte, A. & Strauss, H., 2004. The sulfur isotopic evolution of Phanerozoic seawater based on the analysis of structurally substituted sulfate in carbonates. Chemical Geology 204, 255-286.;;
425,75;424,37;2,13;23,2;Kampschulte, A. & Strauss, H., 2004. The sulfur isotopic evolution of Phanerozoic seawater based on the analysis of structurally substituted sulfate in carbonates. Chemical Geology 204, 255-286.;;
426,82;425,20;2,13;27,6;Kampschulte, A. & Strauss, H., 2004. The sulfur isotopic evolution of Phanerozoic seawater based on the analysis of structurally substituted sulfate in carbonates. Chemical Geology 204, 255-286.;;
426,82;425,20;2,13;35,6;Kampschulte, A. & Strauss, H., 2004. The sulfur isotopic evolution of Phanerozoic seawater based on the analysis of structurally substituted sulfate in carbonates. Chemical Geology 204, 255-286.;;
428,97;426,88;2,14;21,5;Kampschulte, A. & Strauss, H., 2004. The sulfur isotopic evolution of Phanerozoic seawater based on the analysis of structurally substituted sulfate in carbonates. Chemical Geology 204, 255-286.;;
428,97;426,88;2,14;30,4;Kampschulte, A. & Strauss, H., 2004. The sulfur isotopic evolution of Phanerozoic seawater based on the analysis of structurally substituted sulfate in carbonates. Chemical Geology 204, 255-286.;;
430,77;428,69;2,15;24,2;Kampschulte, A. & Strauss, H., 2004. The sulfur isotopic evolution of Phanerozoic seawater based on the analysis of structurally substituted sulfate in carbonates. Chemical Geology 204, 255-286.;;
431,5;430,05;2,16;24,5;Kampschulte, A. & Strauss, H., 2004. The sulfur isotopic evolution of Phanerozoic seawater based on the analysis of structurally substituted sulfate in carbonates. Chemical Geology 204, 255-286.;;
434,07;434,83;2,17;28,9;Kampschulte, A. & Strauss, H., 2004. The sulfur isotopic evolution of Phanerozoic seawater based on the analysis of structurally substituted sulfate in carbonates. Chemical Geology 204, 255-286.;;
434,13;434,94;2,17;28,7;Kampschulte, A. & Strauss, H., 2004. The sulfur isotopic evolution of Phanerozoic seawater based on the analysis of structurally substituted sulfate in carbonates. Chemical Geology 204, 255-286.;;
434,22;435,11;2,17;29,9;Kampschulte, A. & Strauss, H., 2004. The sulfur isotopic evolution of Phanerozoic seawater based on the analysis of structurally substituted sulfate in carbonates. Chemical Geology 204, 255-286.;;
434,75;436,09;2,17;27,8;Kampschulte, A. & Strauss, H., 2004. The sulfur isotopic evolution of Phanerozoic seawater based on the analysis of structurally substituted sulfate in carbonates. Chemical Geology 204, 255-286.;;
434,75;436,09;2,17;29,1;Kampschulte, A. & Strauss, H., 2004. The sulfur isotopic evolution of Phanerozoic seawater based on the analysis of structurally substituted sulfate in carbonates. Chemical Geology 204, 255-286.;;
434,75;436,09;2,17;28,2;Kampschulte, A. & Strauss, H., 2004. The sulfur isotopic evolution of Phanerozoic seawater based on the analysis of structurally substituted sulfate in carbonates. Chemical Geology 204, 255-286.;;
435,5;437,49;2,18;35,5;Kampschulte, A. & Strauss, H., 2004. The sulfur isotopic evolution of Phanerozoic seawater based on the analysis of structurally substituted sulfate in carbonates. Chemical Geology 204, 255-286.;;
435,64;437,75;2,18;27,6;Kampschulte, A. & Strauss, H., 2004. The sulfur isotopic evolution of Phanerozoic seawater based on the analysis of structurally substituted sulfate in carbonates. Chemical Geology 204, 255-286.;;
436,42;439,20;2,18;31,1;Kampschulte, A. & Strauss, H., 2004. The sulfur isotopic evolution of Phanerozoic seawater based on the analysis of structurally substituted sulfate in carbonates. Chemical Geology 204, 255-286.;;
437,1;440,47;2,19;31,4;Kampschulte, A. & Strauss, H., 2004. The sulfur isotopic evolution of Phanerozoic seawater based on the analysis of structurally substituted sulfate in carbonates. Chemical Geology 204, 255-286.;;
438,2;442,51;2,19;26,3;Kampschulte, A. & Strauss, H., 2004. The sulfur isotopic evolution of Phanerozoic seawater based on the analysis of structurally substituted sulfate in carbonates. Chemical Geology 204, 255-286.;;
438,65;443,35;2,19;25,6;Kampschulte, A. & Strauss, H., 2004. The sulfur isotopic evolution of Phanerozoic seawater based on the analysis of structurally substituted sulfate in carbonates. Chemical Geology 204, 255-286.;;
439,25;444,42;2,20;14,5;Kampschulte, A. & Strauss, H., 2004. The sulfur isotopic evolution of Phanerozoic seawater based on the analysis of structurally substituted sulfate in carbonates. Chemical Geology 204, 255-286.;;
440,23;446,04;2,20;23,9;Kampschulte, A. & Strauss, H., 2004. The sulfur isotopic evolution of Phanerozoic seawater based on the analysis of structurally substituted sulfate in carbonates. Chemical Geology 204, 255-286.;;
443,05;450,72;2,22;22,4;Kampschulte, A. & Strauss, H., 2004. The sulfur isotopic evolution of Phanerozoic seawater based on the analysis of structurally substituted sulfate in carbonates. Chemical Geology 204, 255-286.;;
445,1;451,78;2,23;21,1;Kampschulte, A. & Strauss, H., 2004. The sulfur isotopic evolution of Phanerozoic seawater based on the analysis of structurally substituted sulfate in carbonates. Chemical Geology 204, 255-286.;;
445,55;452,00;2,23;22,7;Kampschulte, A. & Strauss, H., 2004. The sulfur isotopic evolution of Phanerozoic seawater based on the analysis of structurally substituted sulfate in carbonates. Chemical Geology 204, 255-286.;;
447,3;452,86;2,24;32,9;Kampschulte, A. & Strauss, H., 2004. The sulfur isotopic evolution of Phanerozoic seawater based on the analysis of structurally substituted sulfate in carbonates. Chemical Geology 204, 255-286.;;
453,6;455,95;2,27;24,4;Kampschulte, A. & Strauss, H., 2004. The sulfur isotopic evolution of Phanerozoic seawater based on the analysis of structurally substituted sulfate in carbonates. Chemical Geology 204, 255-286.;;
456;457,13;2,28;27,3;Kampschulte, A. & Strauss, H., 2004. The sulfur isotopic evolution of Phanerozoic seawater based on the analysis of structurally substituted sulfate in carbonates. Chemical Geology 204, 255-286.;;
459,9;459,04;2,30;22,8;Kampschulte, A. & Strauss, H., 2004. The sulfur isotopic evolution of Phanerozoic seawater based on the analysis of structurally substituted sulfate in carbonates. Chemical Geology 204, 255-286.;;
467,8;465,56;2,34;19;Kampschulte, A. & Strauss, H., 2004. The sulfur isotopic evolution of Phanerozoic seawater based on the analysis of structurally substituted sulfate in carbonates. Chemical Geology 204, 255-286.;;
470,65;468,00;2,35;28,8;Kampschulte, A. & Strauss, H., 2004. The sulfur isotopic evolution of Phanerozoic seawater based on the analysis of structurally substituted sulfate in carbonates. Chemical Geology 204, 255-286.;;
474,5;470,83;2,37;27,9;Kampschulte, A. & Strauss, H., 2004. The sulfur isotopic evolution of Phanerozoic seawater based on the analysis of structurally substituted sulfate in carbonates. Chemical Geology 204, 255-286.;;
477,5;472,80;2,39;26,9;Kampschulte, A. & Strauss, H., 2004. The sulfur isotopic evolution of Phanerozoic seawater based on the analysis of structurally substituted sulfate in carbonates. Chemical Geology 204, 255-286.;;
484,5;476,77;2,42;27,7;Kampschulte, A. & Strauss, H., 2004. The sulfur isotopic evolution of Phanerozoic seawater based on the analysis of structurally substituted sulfate in carbonates. Chemical Geology 204, 255-286.;;
487,5;478,48;2,44;32;Kampschulte, A. & Strauss, H., 2004. The sulfur isotopic evolution of Phanerozoic seawater based on the analysis of structurally substituted sulfate in carbonates. Chemical Geology 204, 255-286.;;
491;480,46;2,46;30,5;Kampschulte, A. & Strauss, H., 2004. The sulfur isotopic evolution of Phanerozoic seawater based on the analysis of structurally substituted sulfate in carbonates. Chemical Geology 204, 255-286.;;
509,7;487,89;2,55;20,7;Kampschulte, A. & Strauss, H., 2004. The sulfur isotopic evolution of Phanerozoic seawater based on the analysis of structurally substituted sulfate in carbonates. Chemical Geology 204, 255-286.;;
509,8;487,92;2,55;30,7;Kampschulte, A. & Strauss, H., 2004. The sulfur isotopic evolution of Phanerozoic seawater based on the analysis of structurally substituted sulfate in carbonates. Chemical Geology 204, 255-286.;;
510,3;489,08;2,55;36,2;Kampschulte, A. & Strauss, H., 2004. The sulfur isotopic evolution of Phanerozoic seawater based on the analysis of structurally substituted sulfate in carbonates. Chemical Geology 204, 255-286.;;
510,7;490,53;2,55;36;Kampschulte, A. & Strauss, H., 2004. The sulfur isotopic evolution of Phanerozoic seawater based on the analysis of structurally substituted sulfate in carbonates. Chemical Geology 204, 255-286.;;
511,1;491,97;2,56;34,4;Kampschulte, A. & Strauss, H., 2004. The sulfur isotopic evolution of Phanerozoic seawater based on the analysis of structurally substituted sulfate in carbonates. Chemical Geology 204, 255-286.;;
511,7;494,14;2,56;30,6;Kampschulte, A. & Strauss, H., 2004. The sulfur isotopic evolution of Phanerozoic seawater based on the analysis of structurally substituted sulfate in carbonates. Chemical Geology 204, 255-286.;;
512,9;498,47;2,56;29,1;Kampschulte, A. & Strauss, H., 2004. The sulfur isotopic evolution of Phanerozoic seawater based on the analysis of structurally substituted sulfate in carbonates. Chemical Geology 204, 255-286.;;
513,5;500,64;2,57;32,4;Kampschulte, A. & Strauss, H., 2004. The sulfur isotopic evolution of Phanerozoic seawater based on the analysis of structurally substituted sulfate in carbonates. Chemical Geology 204, 255-286.;;
513,8;501,19;2,57;27,8;Kampschulte, A. & Strauss, H., 2004. The sulfur isotopic evolution of Phanerozoic seawater based on the analysis of structurally substituted sulfate in carbonates. Chemical Geology 204, 255-286.;;
514,17;501,53;2,57;45,2;Kampschulte, A. & Strauss, H., 2004. The sulfur isotopic evolution of Phanerozoic seawater based on the analysis of structurally substituted sulfate in carbonates. Chemical Geology 204, 255-286.;;
515,1;502,39;2,58;50,7;Kampschulte, A. & Strauss, H., 2004. The sulfur isotopic evolution of Phanerozoic seawater based on the analysis of structurally substituted sulfate in carbonates. Chemical Geology 204, 255-286.;;
515,7;502,95;2,58;36,3;Kampschulte, A. & Strauss, H., 2004. The sulfur isotopic evolution of Phanerozoic seawater based on the analysis of structurally substituted sulfate in carbonates. Chemical Geology 204, 255-286.;;
516,6;503,78;2,58;46,3;Kampschulte, A. & Strauss, H., 2004. The sulfur isotopic evolution of Phanerozoic seawater based on the analysis of structurally substituted sulfate in carbonates. Chemical Geology 204, 255-286.;;
517,1;504,24;2,59;40,1;Kampschulte, A. & Strauss, H., 2004. The sulfur isotopic evolution of Phanerozoic seawater based on the analysis of structurally substituted sulfate in carbonates. Chemical Geology 204, 255-286.;;
518,1;504,75;2,59;34,6;Kampschulte, A. & Strauss, H., 2004. The sulfur isotopic evolution of Phanerozoic seawater based on the analysis of structurally substituted sulfate in carbonates. Chemical Geology 204, 255-286.;;
518,4;504,89;2,59;39,1;Kampschulte, A. & Strauss, H., 2004. The sulfur isotopic evolution of Phanerozoic seawater based on the analysis of structurally substituted sulfate in carbonates. Chemical Geology 204, 255-286.;;
519,09;505,21;2,60;30,6;Kampschulte, A. & Strauss, H., 2004. The sulfur isotopic evolution of Phanerozoic seawater based on the analysis of structurally substituted sulfate in carbonates. Chemical Geology 204, 255-286.;;
521;506,09;2,61;38,6;Kampschulte, A. & Strauss, H., 2004. The sulfur isotopic evolution of Phanerozoic seawater based on the analysis of structurally substituted sulfate in carbonates. Chemical Geology 204, 255-286.;;
523;507,01;2,62;36,1;Kampschulte, A. & Strauss, H., 2004. The sulfur isotopic evolution of Phanerozoic seawater based on the analysis of structurally substituted sulfate in carbonates. Chemical Geology 204, 255-286.;;
525,7;508,25;2,63;38,9;Kampschulte, A. & Strauss, H., 2004. The sulfur isotopic evolution of Phanerozoic seawater based on the analysis of structurally substituted sulfate in carbonates. Chemical Geology 204, 255-286.;;
527,8;509,22;2,64;29,6;Kampschulte, A. & Strauss, H., 2004. The sulfur isotopic evolution of Phanerozoic seawater based on the analysis of structurally substituted sulfate in carbonates. Chemical Geology 204, 255-286.;;
556,5;524,01;2,78;34,5;Kampschulte, A. & Strauss, H., 2004. The sulfur isotopic evolution of Phanerozoic seawater based on the analysis of structurally substituted sulfate in carbonates. Chemical Geology 204, 255-286.;;
557,4;524,49;2,79;31,5;Kampschulte, A. & Strauss, H., 2004. The sulfur isotopic evolution of Phanerozoic seawater based on the analysis of structurally substituted sulfate in carbonates. Chemical Geology 204, 255-286.;;
557,7;524,65;2,79;36,9;Kampschulte, A. & Strauss, H., 2004. The sulfur isotopic evolution of Phanerozoic seawater based on the analysis of structurally substituted sulfate in carbonates. Chemical Geology 204, 255-286.;;
558;524,82;2,79;29,2;Kampschulte, A. & Strauss, H., 2004. The sulfur isotopic evolution of Phanerozoic seawater based on the analysis of structurally substituted sulfate in carbonates. Chemical Geology 204, 255-286.;;
559,6;525,67;2,80;30,7;Kampschulte, A. & Strauss, H., 2004. The sulfur isotopic evolution of Phanerozoic seawater based on the analysis of structurally substituted sulfate in carbonates. Chemical Geology 204, 255-286.;;
559,8;525,78;2,80;38;Kampschulte, A. & Strauss, H., 2004. The sulfur isotopic evolution of Phanerozoic seawater based on the analysis of structurally substituted sulfate in carbonates. Chemical Geology 204, 255-286.;;
560;525,89;2,80;34,5;Kampschulte, A. & Strauss, H., 2004. The sulfur isotopic evolution of Phanerozoic seawater based on the analysis of structurally substituted sulfate in carbonates. Chemical Geology 204, 255-286.;;
560,52;526,73;2,80;34,3;Kampschulte, A. & Strauss, H., 2004. The sulfur isotopic evolution of Phanerozoic seawater based on the analysis of structurally substituted sulfate in carbonates. Chemical Geology 204, 255-286.;;
560,7;527,02;2,80;37;Kampschulte, A. & Strauss, H., 2004. The sulfur isotopic evolution of Phanerozoic seawater based on the analysis of structurally substituted sulfate in carbonates. Chemical Geology 204, 255-286.;;
561,1;527,66;2,81;34,3;Kampschulte, A. & Strauss, H., 2004. The sulfur isotopic evolution of Phanerozoic seawater based on the analysis of structurally substituted sulfate in carbonates. Chemical Geology 204, 255-286.;;
561,2;527,82;2,81;34;Kampschulte, A. & Strauss, H., 2004. The sulfur isotopic evolution of Phanerozoic seawater based on the analysis of structurally substituted sulfate in carbonates. Chemical Geology 204, 255-286.;;
561,3;527,98;2,81;37,3;Kampschulte, A. & Strauss, H., 2004. The sulfur isotopic evolution of Phanerozoic seawater based on the analysis of structurally substituted sulfate in carbonates. Chemical Geology 204, 255-286.;;
0,001;0,00;0,00;21,12428571;Paytan, A. et. al., 1998. Sulfur isotopic composition of Cenozoic Seawater Sulfate. Science 282, 1459-1462.;;
0,4;0,36;0,00;20,9;Paytan, A. et. al., 1998. Sulfur isotopic composition of Cenozoic Seawater Sulfate. Science 282, 1459-1462.;;
0,24;0,22;0,00;21,21;Paytan, A. et. al., 1998. Sulfur isotopic composition of Cenozoic Seawater Sulfate. Science 282, 1459-1462.;;
2,2;2,05;0,01;22,02;Paytan, A. et. al., 1998. Sulfur isotopic composition of Cenozoic Seawater Sulfate. Science 282, 1459-1462.;;
4,7;4,64;0,02;22,24;Paytan, A. et. al., 1998. Sulfur isotopic composition of Cenozoic Seawater Sulfate. Science 282, 1459-1462.;;
5,5;5,33;0,03;22,05;Paytan, A. et. al., 1998. Sulfur isotopic composition of Cenozoic Seawater Sulfate. Science 282, 1459-1462.;;
6,1;6,15;0,03;22,34;Paytan, A. et. al., 1998. Sulfur isotopic composition of Cenozoic Seawater Sulfate. Science 282, 1459-1462.;;
6,8;7,11;0,03;22,32;Paytan, A. et. al., 1998. Sulfur isotopic composition of Cenozoic Seawater Sulfate. Science 282, 1459-1462.;;
7,8;8,20;0,04;22,25;Paytan, A. et. al., 1998. Sulfur isotopic composition of Cenozoic Seawater Sulfate. Science 282, 1459-1462.;;
8,3;8,74;0,04;22,1;Paytan, A. et. al., 1998. Sulfur isotopic composition of Cenozoic Seawater Sulfate. Science 282, 1459-1462.;;
8,7;9,16;0,04;22,17;Paytan, A. et. al., 1998. Sulfur isotopic composition of Cenozoic Seawater Sulfate. Science 282, 1459-1462.;;
11,6;11,93;0,06;22,705;Paytan, A. et. al., 1998. Sulfur isotopic composition of Cenozoic Seawater Sulfate. Science 282, 1459-1462.;;
11,8;12,04;0,06;22,7;Paytan, A. et. al., 1998. Sulfur isotopic composition of Cenozoic Seawater Sulfate. Science 282, 1459-1462.;;
2,131;1,96;0,01;22,01;Paytan, A. et. al., 1998. Sulfur isotopic composition of Cenozoic Seawater Sulfate. Science 282, 1459-1462.;;
5,808;5,75;0,03;21,96;Paytan, A. et. al., 1998. Sulfur isotopic composition of Cenozoic Seawater Sulfate. Science 282, 1459-1462.;;
7,637;8,03;0,04;21,86;Paytan, A. et. al., 1998. Sulfur isotopic composition of Cenozoic Seawater Sulfate. Science 282, 1459-1462.;;
9,4;9,91;0,05;21,9;Paytan, A. et. al., 1998. Sulfur isotopic composition of Cenozoic Seawater Sulfate. Science 282, 1459-1462.;;
12,4;12,36;0,06;22,1;Paytan, A. et. al., 1998. Sulfur isotopic composition of Cenozoic Seawater Sulfate. Science 282, 1459-1462.;;
13,912;13,17;0,07;22,1;Paytan, A. et. al., 1998. Sulfur isotopic composition of Cenozoic Seawater Sulfate. Science 282, 1459-1462.;;
17,867;17,18;0,09;21,9;Paytan, A. et. al., 1998. Sulfur isotopic composition of Cenozoic Seawater Sulfate. Science 282, 1459-1462.;;
20,519;19,37;0,10;21,56;Paytan, A. et. al., 1998. Sulfur isotopic composition of Cenozoic Seawater Sulfate. Science 282, 1459-1462.;;
21,449;20,14;0,11;22,01;Paytan, A. et. al., 1998. Sulfur isotopic composition of Cenozoic Seawater Sulfate. Science 282, 1459-1462.;;
23,531;22,68;0,12;21,9;Paytan, A. et. al., 1998. Sulfur isotopic composition of Cenozoic Seawater Sulfate. Science 282, 1459-1462.;;
24,316;23,62;0,12;21,86;Paytan, A. et. al., 1998. Sulfur isotopic composition of Cenozoic Seawater Sulfate. Science 282, 1459-1462.;;
25,6;25,09;0,13;21,7;Paytan, A. et. al., 1998. Sulfur isotopic composition of Cenozoic Seawater Sulfate. Science 282, 1459-1462.;;
26,383;25,98;0,13;21,7;Paytan, A. et. al., 1998. Sulfur isotopic composition of Cenozoic Seawater Sulfate. Science 282, 1459-1462.;;
28,047;27,88;0,14;21,26;Paytan, A. et. al., 1998. Sulfur isotopic composition of Cenozoic Seawater Sulfate. Science 282, 1459-1462.;;
28,051;27,89;0,14;21,37666667;Paytan, A. et. al., 1998. Sulfur isotopic composition of Cenozoic Seawater Sulfate. Science 282, 1459-1462.;;
30,871;30,91;0,15;21,39;Paytan, A. et. al., 1998. Sulfur isotopic composition of Cenozoic Seawater Sulfate. Science 282, 1459-1462.;;
32,833;32,98;0,16;21,6;Paytan, A. et. al., 1998. Sulfur isotopic composition of Cenozoic Seawater Sulfate. Science 282, 1459-1462.;;
33,273;33,45;0,17;21,99;Paytan, A. et. al., 1998. Sulfur isotopic composition of Cenozoic Seawater Sulfate. Science 282, 1459-1462.;;
33,797;33,99;0,17;22,465;Paytan, A. et. al., 1998. Sulfur isotopic composition of Cenozoic Seawater Sulfate. Science 282, 1459-1462.;;
34,618;34,74;0,17;22,515;Paytan, A. et. al., 1998. Sulfur isotopic composition of Cenozoic Seawater Sulfate. Science 282, 1459-1462.;;
1,375;1,24;0,01;21,9;Paytan, A. et. al., 1998. Sulfur isotopic composition of Cenozoic Seawater Sulfate. Science 282, 1459-1462.;;
8,378;8,82;0,04;21,8;Paytan, A. et. al., 1998. Sulfur isotopic composition of Cenozoic Seawater Sulfate. Science 282, 1459-1462.;;
9,503;10,02;0,05;21,9;Paytan, A. et. al., 1998. Sulfur isotopic composition of Cenozoic Seawater Sulfate. Science 282, 1459-1462.;;
9,472;9,98;0,05;21,96;Paytan, A. et. al., 1998. Sulfur isotopic composition of Cenozoic Seawater Sulfate. Science 282, 1459-1462.;;
9,662;10,19;0,05;21,98;Paytan, A. et. al., 1998. Sulfur isotopic composition of Cenozoic Seawater Sulfate. Science 282, 1459-1462.;;
10,375;10,94;0,05;22,24;Paytan, A. et. al., 1998. Sulfur isotopic composition of Cenozoic Seawater Sulfate. Science 282, 1459-1462.;;
10,743;11,34;0,05;22,18;Paytan, A. et. al., 1998. Sulfur isotopic composition of Cenozoic Seawater Sulfate. Science 282, 1459-1462.;;
11,681;11,98;0,06;22,09;Paytan, A. et. al., 1998. Sulfur isotopic composition of Cenozoic Seawater Sulfate. Science 282, 1459-1462.;;
12,481;12,41;0,06;22;Paytan, A. et. al., 1998. Sulfur isotopic composition of Cenozoic Seawater Sulfate. Science 282, 1459-1462.;;
12,64;12,49;0,06;21,73;Paytan, A. et. al., 1998. Sulfur isotopic composition of Cenozoic Seawater Sulfate. Science 282, 1459-1462.;;
13,711;13,07;0,07;21,97;Paytan, A. et. al., 1998. Sulfur isotopic composition of Cenozoic Seawater Sulfate. Science 282, 1459-1462.;;
14,113;13,28;0,07;22,1;Paytan, A. et. al., 1998. Sulfur isotopic composition of Cenozoic Seawater Sulfate. Science 282, 1459-1462.;;
14,745;13,62;0,07;22;Paytan, A. et. al., 1998. Sulfur isotopic composition of Cenozoic Seawater Sulfate. Science 282, 1459-1462.;;
15,371;14,48;0,08;21,875;Paytan, A. et. al., 1998. Sulfur isotopic composition of Cenozoic Seawater Sulfate. Science 282, 1459-1462.;;
16,385;15,95;0,08;22,09;Paytan, A. et. al., 1998. Sulfur isotopic composition of Cenozoic Seawater Sulfate. Science 282, 1459-1462.;;
18,871;18,01;0,09;21,8;Paytan, A. et. al., 1998. Sulfur isotopic composition of Cenozoic Seawater Sulfate. Science 282, 1459-1462.;;
22,241;21,00;0,11;22;Paytan, A. et. al., 1998. Sulfur isotopic composition of Cenozoic Seawater Sulfate. Science 282, 1459-1462.;;
34,1;34,27;0,17;21,4;Paytan, A. et. al., 1998. Sulfur isotopic composition of Cenozoic Seawater Sulfate. Science 282, 1459-1462.;;
34,4;34,54;0,17;22,64;Paytan, A. et. al., 1998. Sulfur isotopic composition of Cenozoic Seawater Sulfate. Science 282, 1459-1462.;;
35,2;35,28;0,18;22,16;Paytan, A. et. al., 1998. Sulfur isotopic composition of Cenozoic Seawater Sulfate. Science 282, 1459-1462.;;
35,8;35,83;0,18;22,14;Paytan, A. et. al., 1998. Sulfur isotopic composition of Cenozoic Seawater Sulfate. Science 282, 1459-1462.;;
38,7;38,32;0,19;22,61;Paytan, A. et. al., 1998. Sulfur isotopic composition of Cenozoic Seawater Sulfate. Science 282, 1459-1462.;;
39,5;38,96;0,20;22,47;Paytan, A. et. al., 1998. Sulfur isotopic composition of Cenozoic Seawater Sulfate. Science 282, 1459-1462.;;
40,7;39,92;0,20;22,2;Paytan, A. et. al., 1998. Sulfur isotopic composition of Cenozoic Seawater Sulfate. Science 282, 1459-1462.;;
41;40,16;0,21;22,1;Paytan, A. et. al., 1998. Sulfur isotopic composition of Cenozoic Seawater Sulfate. Science 282, 1459-1462.;;
42,5;41,68;0,21;22,4;Paytan, A. et. al., 1998. Sulfur isotopic composition of Cenozoic Seawater Sulfate. Science 282, 1459-1462.;;
49,1;48,72;0,25;22;Paytan, A. et. al., 1998. Sulfur isotopic composition of Cenozoic Seawater Sulfate. Science 282, 1459-1462.;;
49,7;49,44;0,25;21,575;Paytan, A. et. al., 1998. Sulfur isotopic composition of Cenozoic Seawater Sulfate. Science 282, 1459-1462.;;
50,2;50,04;0,25;20,3;Paytan, A. et. al., 1998. Sulfur isotopic composition of Cenozoic Seawater Sulfate. Science 282, 1459-1462.;;
50,7;50,64;0,25;19,16;Paytan, A. et. al., 1998. Sulfur isotopic composition of Cenozoic Seawater Sulfate. Science 282, 1459-1462.;;
50,8;50,76;0,25;18,09;Paytan, A. et. al., 1998. Sulfur isotopic composition of Cenozoic Seawater Sulfate. Science 282, 1459-1462.;;
53,8;54,36;0,27;17,74;Paytan, A. et. al., 1998. Sulfur isotopic composition of Cenozoic Seawater Sulfate. Science 282, 1459-1462.;;
55,4;56,20;0,28;17,27;Paytan, A. et. al., 1998. Sulfur isotopic composition of Cenozoic Seawater Sulfate. Science 282, 1459-1462.;;
55,8;56,60;0,28;18,02;Paytan, A. et. al., 1998. Sulfur isotopic composition of Cenozoic Seawater Sulfate. Science 282, 1459-1462.;;
24,6;23,94;0,12;21,72;Paytan, A. et. al., 1998. Sulfur isotopic composition of Cenozoic Seawater Sulfate. Science 282, 1459-1462.;;
24,8;24,17;0,12;21,58;Paytan, A. et. al., 1998. Sulfur isotopic composition of Cenozoic Seawater Sulfate. Science 282, 1459-1462.;;
31;31,04;0,16;21,74;Paytan, A. et. al., 1998. Sulfur isotopic composition of Cenozoic Seawater Sulfate. Science 282, 1459-1462.;;
32,5;32,63;0,16;21,77;Paytan, A. et. al., 1998. Sulfur isotopic composition of Cenozoic Seawater Sulfate. Science 282, 1459-1462.;;
33,9;34,08;0,17;21,6;Paytan, A. et. al., 1998. Sulfur isotopic composition of Cenozoic Seawater Sulfate. Science 282, 1459-1462.;;
35,4;35,46;0,18;22,2;Paytan, A. et. al., 1998. Sulfur isotopic composition of Cenozoic Seawater Sulfate. Science 282, 1459-1462.;;
36;36,01;0,18;22,155;Paytan, A. et. al., 1998. Sulfur isotopic composition of Cenozoic Seawater Sulfate. Science 282, 1459-1462.;;
37,5;37,36;0,19;22,3;Paytan, A. et. al., 1998. Sulfur isotopic composition of Cenozoic Seawater Sulfate. Science 282, 1459-1462.;;
39;38,56;0,20;22;Paytan, A. et. al., 1998. Sulfur isotopic composition of Cenozoic Seawater Sulfate. Science 282, 1459-1462.;;
50;49,80;0,25;19,16;Paytan, A. et. al., 1998. Sulfur isotopic composition of Cenozoic Seawater Sulfate. Science 282, 1459-1462.;;
52;52,20;0,26;18,03;Paytan, A. et. al., 1998. Sulfur isotopic composition of Cenozoic Seawater Sulfate. Science 282, 1459-1462.;;
55,45;56,25;0,28;17,42;Paytan, A. et. al., 1998. Sulfur isotopic composition of Cenozoic Seawater Sulfate. Science 282, 1459-1462.;;
58;58,80;0,29;18,28;Paytan, A. et. al., 1998. Sulfur isotopic composition of Cenozoic Seawater Sulfate. Science 282, 1459-1462.;;
3,578;3,67;0,02;21,58;Paytan, A. et. al., 1998. Sulfur isotopic composition of Cenozoic Seawater Sulfate. Science 282, 1459-1462.;;
4,85;4,77;0,02;21,78;Paytan, A. et. al., 1998. Sulfur isotopic composition of Cenozoic Seawater Sulfate. Science 282, 1459-1462.;;
5,9;5,88;0,03;21,63;Paytan, A. et. al., 1998. Sulfur isotopic composition of Cenozoic Seawater Sulfate. Science 282, 1459-1462.;;
34,5;34,63;0,17;21,81;Paytan, A. et. al., 1998. Sulfur isotopic composition of Cenozoic Seawater Sulfate. Science 282, 1459-1462.;;
49,533;49,24;0,25;19,31;Paytan, A. et. al., 1998. Sulfur isotopic composition of Cenozoic Seawater Sulfate. Science 282, 1459-1462.;;
52,818;53,18;0,26;17,955;Paytan, A. et. al., 1998. Sulfur isotopic composition of Cenozoic Seawater Sulfate. Science 282, 1459-1462.;;
55,5;56,30;0,28;17,19;Paytan, A. et. al., 1998. Sulfur isotopic composition of Cenozoic Seawater Sulfate. Science 282, 1459-1462.;;
56,537;57,34;0,28;17,72;Paytan, A. et. al., 1998. Sulfur isotopic composition of Cenozoic Seawater Sulfate. Science 282, 1459-1462.;;
57,228;58,03;0,29;17,55;Paytan, A. et. al., 1998. Sulfur isotopic composition of Cenozoic Seawater Sulfate. Science 282, 1459-1462.;;
57,912;58,71;0,29;17,99333333;Paytan, A. et. al., 1998. Sulfur isotopic composition of Cenozoic Seawater Sulfate. Science 282, 1459-1462.;;
59,617;60,48;0,30;18,15;Paytan, A. et. al., 1998. Sulfur isotopic composition of Cenozoic Seawater Sulfate. Science 282, 1459-1462.;;
62,2;62,72;0,31;18,6;Paytan, A. et. al., 1998. Sulfur isotopic composition of Cenozoic Seawater Sulfate. Science 282, 1459-1462.;;
62,4;62,87;0,31;19,09;Paytan, A. et. al., 1998. Sulfur isotopic composition of Cenozoic Seawater Sulfate. Science 282, 1459-1462.;;
62,49;62,94;0,31;19,115;Paytan, A. et. al., 1998. Sulfur isotopic composition of Cenozoic Seawater Sulfate. Science 282, 1459-1462.;;
63,863;63,94;0,32;19;Paytan, A. et. al., 1998. Sulfur isotopic composition of Cenozoic Seawater Sulfate. Science 282, 1459-1462.;;
64,198;64,18;0,32;18,96;Paytan, A. et. al., 1998. Sulfur isotopic composition of Cenozoic Seawater Sulfate. Science 282, 1459-1462.;;
65,17;64,89;0,33;18,95; Paytan, A. et. al., 2004.  Seawater sulfur isotope fluctuations in the Cretaceous. Science 304, 1663-1665.;;
65,23;64,94;0,33;18,94; Paytan, A. et. al., 2004.  Seawater sulfur isotope fluctuations in the Cretaceous. Science 304, 1663-1665.;;
65,531;65,16;0,33;19,11; Paytan, A. et. al., 2004.  Seawater sulfur isotope fluctuations in the Cretaceous. Science 304, 1663-1665.;;
66,02;65,51;0,50;18,76; Paytan, A. et. al., 2004.  Seawater sulfur isotope fluctuations in the Cretaceous. Science 304, 1663-1665.;;
66,75;65,95;0,50;18,8; Paytan, A. et. al., 2004.  Seawater sulfur isotope fluctuations in the Cretaceous. Science 304, 1663-1665.;;
68,65;67,09;0,50;18,85; Paytan, A. et. al., 2004.  Seawater sulfur isotope fluctuations in the Cretaceous. Science 304, 1663-1665.;;
70;67,90;0,50;18,82; Paytan, A. et. al., 2004.  Seawater sulfur isotope fluctuations in the Cretaceous. Science 304, 1663-1665.;;
71,31;68,69;0,50;19,09; Paytan, A. et. al., 2004.  Seawater sulfur isotope fluctuations in the Cretaceous. Science 304, 1663-1665.;;
73;69,70;0,50;19,2; Paytan, A. et. al., 2004.  Seawater sulfur isotope fluctuations in the Cretaceous. Science 304, 1663-1665.;;
74,19;70,41;1,00;19,14; Paytan, A. et. al., 2004.  Seawater sulfur isotope fluctuations in the Cretaceous. Science 304, 1663-1665.;;
74,4;70,54;1,00;19,33; Paytan, A. et. al., 2004.  Seawater sulfur isotope fluctuations in the Cretaceous. Science 304, 1663-1665.;;
75,33;71,73;1,00;19,4; Paytan, A. et. al., 2004.  Seawater sulfur isotope fluctuations in the Cretaceous. Science 304, 1663-1665.;;
75,62;72,12;1,00;19,3; Paytan, A. et. al., 2004.  Seawater sulfur isotope fluctuations in the Cretaceous. Science 304, 1663-1665.;;
76,43;73,22;1,00;19,14; Paytan, A. et. al., 2004.  Seawater sulfur isotope fluctuations in the Cretaceous. Science 304, 1663-1665.;;
78,4;75,90;1,00;18,95; Paytan, A. et. al., 2004.  Seawater sulfur isotope fluctuations in the Cretaceous. Science 304, 1663-1665.;;
78,75;76,37;1,00;19,14; Paytan, A. et. al., 2004.  Seawater sulfur isotope fluctuations in the Cretaceous. Science 304, 1663-1665.;;
80,32;78,50;1,00;19,04; Paytan, A. et. al., 2004.  Seawater sulfur isotope fluctuations in the Cretaceous. Science 304, 1663-1665.;;
81,97;80,74;1,00;18,87; Paytan, A. et. al., 2004.  Seawater sulfur isotope fluctuations in the Cretaceous. Science 304, 1663-1665.;;
83;82,14;1,00;18,24; Paytan, A. et. al., 2004.  Seawater sulfur isotope fluctuations in the Cretaceous. Science 304, 1663-1665.;;
83,63;83,00;1,00;18,36; Paytan, A. et. al., 2004.  Seawater sulfur isotope fluctuations in the Cretaceous. Science 304, 1663-1665.;;
83,7;83,09;1,00;18,4; Paytan, A. et. al., 2004.  Seawater sulfur isotope fluctuations in the Cretaceous. Science 304, 1663-1665.;;
83,9;83,36;1,00;18,1; Paytan, A. et. al., 2004.  Seawater sulfur isotope fluctuations in the Cretaceous. Science 304, 1663-1665.;;
85,6;85,54;1,00;18,34; Paytan, A. et. al., 2004.  Seawater sulfur isotope fluctuations in the Cretaceous. Science 304, 1663-1665.;;
88,41;88,65;1,00;18,165; Paytan, A. et. al., 2004.  Seawater sulfur isotope fluctuations in the Cretaceous. Science 304, 1663-1665.;;
91;91,17;1,00;18,55; Paytan, A. et. al., 2004.  Seawater sulfur isotope fluctuations in the Cretaceous. Science 304, 1663-1665.;;
93;93,03;1,00;18,9; Paytan, A. et. al., 2004.  Seawater sulfur isotope fluctuations in the Cretaceous. Science 304, 1663-1665.;;
93,4;93,41;1,00;19,1; Paytan, A. et. al., 2004.  Seawater sulfur isotope fluctuations in the Cretaceous. Science 304, 1663-1665.;;
93,5;93,50;1,00;19,04; Paytan, A. et. al., 2004.  Seawater sulfur isotope fluctuations in the Cretaceous. Science 304, 1663-1665.;;
93,6;93,61;1,00;18,84; Paytan, A. et. al., 2004.  Seawater sulfur isotope fluctuations in the Cretaceous. Science 304, 1663-1665.;;
93,8;93,84;1,00;19,02; Paytan, A. et. al., 2004.  Seawater sulfur isotope fluctuations in the Cretaceous. Science 304, 1663-1665.;;
95;95,19;1,00;19,22; Paytan, A. et. al., 2004.  Seawater sulfur isotope fluctuations in the Cretaceous. Science 304, 1663-1665.;;
95,78;96,08;1,00;19,01; Paytan, A. et. al., 2004.  Seawater sulfur isotope fluctuations in the Cretaceous. Science 304, 1663-1665.;;
97;97,45;1,00;18,81; Paytan, A. et. al., 2004.  Seawater sulfur isotope fluctuations in the Cretaceous. Science 304, 1663-1665.;;
98,87;99,57;1,00;17,85; Paytan, A. et. al., 2004.  Seawater sulfur isotope fluctuations in the Cretaceous. Science 304, 1663-1665.;;
100;100,63;1,00;16,32; Paytan, A. et. al., 2004.  Seawater sulfur isotope fluctuations in the Cretaceous. Science 304, 1663-1665.;;
104;104,36;1,00;15,605; Paytan, A. et. al., 2004.  Seawater sulfur isotope fluctuations in the Cretaceous. Science 304, 1663-1665.;;
107;107,15;1,00;15,65; Paytan, A. et. al., 2004.  Seawater sulfur isotope fluctuations in the Cretaceous. Science 304, 1663-1665.;;
108;108,08;1,00;15,92; Paytan, A. et. al., 2004.  Seawater sulfur isotope fluctuations in the Cretaceous. Science 304, 1663-1665.;;
109;109,02;1,00;16,05; Paytan, A. et. al., 2004.  Seawater sulfur isotope fluctuations in the Cretaceous. Science 304, 1663-1665.;;
110;109,95;1,00;15,92; Paytan, A. et. al., 2004.  Seawater sulfur isotope fluctuations in the Cretaceous. Science 304, 1663-1665.;;
111,1;110,97;1,00;16,09; Paytan, A. et. al., 2004.  Seawater sulfur isotope fluctuations in the Cretaceous. Science 304, 1663-1665.;;
111,5;111,35;1,00;16,33; Paytan, A. et. al., 2004.  Seawater sulfur isotope fluctuations in the Cretaceous. Science 304, 1663-1665.;;
111,9;111,72;1,20;16,14; Paytan, A. et. al., 2004.  Seawater sulfur isotope fluctuations in the Cretaceous. Science 304, 1663-1665.;;
112;111,81;1,00;16,3; Paytan, A. et. al., 2004.  Seawater sulfur isotope fluctuations in the Cretaceous. Science 304, 1663-1665.;;
112,7;112,74;1,00;16,26; Paytan, A. et. al., 2004.  Seawater sulfur isotope fluctuations in the Cretaceous. Science 304, 1663-1665.;;
113,1;113,33;1,00;15,35; Paytan, A. et. al., 2004.  Seawater sulfur isotope fluctuations in the Cretaceous. Science 304, 1663-1665.;;
115,97;117,57;2,00;15,5; Paytan, A. et. al., 2004.  Seawater sulfur isotope fluctuations in the Cretaceous. Science 304, 1663-1665.;;
116;117,61;2,00;15,855; Paytan, A. et. al., 2004.  Seawater sulfur isotope fluctuations in the Cretaceous. Science 304, 1663-1665.;;
116,3;118,06;2,00;15,34; Paytan, A. et. al., 2004.  Seawater sulfur isotope fluctuations in the Cretaceous. Science 304, 1663-1665.;;
116,5;118,35;2,00;15,505; Paytan, A. et. al., 2004.  Seawater sulfur isotope fluctuations in the Cretaceous. Science 304, 1663-1665.;;
119,6;122,93;2,00;15,54; Paytan, A. et. al., 2004.  Seawater sulfur isotope fluctuations in the Cretaceous. Science 304, 1663-1665.;;
119,8;123,23;1,00;16,4; Paytan, A. et. al., 2004.  Seawater sulfur isotope fluctuations in the Cretaceous. Science 304, 1663-1665.;;
120;123,52;2,00;17,23; Paytan, A. et. al., 2004.  Seawater sulfur isotope fluctuations in the Cretaceous. Science 304, 1663-1665.;;
120,5;124,26;2,00;18,7; Paytan, A. et. al., 2004.  Seawater sulfur isotope fluctuations in the Cretaceous. Science 304, 1663-1665.;;
120,7;124,56;1,00;17,83; Paytan, A. et. al., 2004.  Seawater sulfur isotope fluctuations in the Cretaceous. Science 304, 1663-1665.;;
122,81;126,51;2,00;19,345; Paytan, A. et. al., 2004.  Seawater sulfur isotope fluctuations in the Cretaceous. Science 304, 1663-1665.;;
125;128,33;1,00;19,7; Paytan, A. et. al., 2004.  Seawater sulfur isotope fluctuations in the Cretaceous. Science 304, 1663-1665.;;
126,65;129,71;2,00;20,01; Paytan, A. et. al., 2004.  Seawater sulfur isotope fluctuations in the Cretaceous. Science 304, 1663-1665.;;
129,17;132,78;1,00;20,12; Paytan, A. et. al., 2004.  Seawater sulfur isotope fluctuations in the Cretaceous. Science 304, 1663-1665.;;
